frame_nmr,car_id,car_bbox,license_plate_bbox,license_plate_bbox_score,license_number,license_number_score
90,81,[331.0 451.0 552.0 627.0],[408.5047 562.322 476.3688 591.094],0.5727806687355042,GX15OGJ,0.1697944346025057
116,113,[686.0 384.0 857.0 532.0],[739.4623 474.8503 811.4286 504.1196],0.46269139647483826,AP05JEO,0.24029019561632894
117,113,[686.25 385.0 857.0 533.75],[740.9677 475.9738 811.5513 505.8942],0,0,0
118,113,[686.5 386.0 857.0 535.5],[742.4731 477.0973 811.674 507.6688],0,0,0
119,113,[686.75 387.0 857.0 537.25],[743.9786 478.2208 811.7966 509.4433],0,0,0
120,113,[687.0 388.0 857.0 539.0],[745.484 479.3442 811.9193 511.2179],0.43555590510368347,AF05JTO,0.11194368370752415
121,113,[687.3333 389.3333 858.6667 541.0],[745.1007 482.5791 811.9347 513.737],0,0,0
122,113,[687.6667 390.6667 860.3333 543.0],[744.7175 485.814 811.9502 516.2561],0,0,0
123,113,[688.0 392.0 862.0 545.0],[744.3342 489.0488 811.9656 518.7751],0.3147590458393097,JF05JEQ,0.28224753102734823
124,113,[688.0 392.0 860.0 545.0],[743.1576 488.3572 807.11 516.9414],0.35857629776000977,KP05JED,0.15312193775102553
125,113,[688.0 393.2 860.7333 546.6667],[743.3028 489.7011 807.4549 518.1592],0,0,0
126,113,[688.0 394.4 861.4667 548.3333],[743.4481 491.0451 807.7999 519.377],0,0,0
127,113,[688.0 395.6 862.2 550.0],[743.5933 492.389 808.1448 520.5948],0,0,0
128,113,[688.0 396.8 862.9333 551.6667],[743.7385 493.7329 808.4897 521.8125],0,0,0
129,113,[688.0 398.0 863.6667 553.3333],[743.8837 495.0769 808.8347 523.0303],0,0,0
130,113,[688.0 399.2 864.4 555.0],[744.029 496.4208 809.1796 524.2481],0,0,0
131,113,[688.0 400.4 865.1333 556.6667],[744.1742 497.7647 809.5246 525.4659],0,0,0
132,113,[688.0 401.6 865.8667 558.3333],[744.3194 499.1087 809.8695 526.6837],0,0,0
133,113,[688.0 402.8 866.6 560.0],[744.4647 500.4526 810.2144 527.9014],0,0,0
134,113,[688.0 404.0 867.3333 561.6667],[744.6099 501.7965 810.5594 529.1192],0,0,0
135,113,[688.0 405.2 868.0667 563.3333],[744.7551 503.1405 810.9043 530.337],0,0,0
136,113,[688.0 406.4 868.8 565.0],[744.9004 504.4844 811.2492 531.5548],0,0,0
137,98,[367.0 374.0 531.0 520.0],[416.5149 457.3196 476.7122 487.0723],0.32427582144737244,TC05ZZE,0.08836693858140027
137,113,[688.0 407.6 869.5333 566.6667],[745.0456 505.8284 811.5942 532.7726],0,0,0
138,113,[688.0 408.8 870.2667 568.3333],[745.1908 507.1723 811.9391 533.9903],0,0,0
139,113,[688.0 410.0 871.0 570.0],[745.3361 508.5162 812.2841 535.2081],0.524016261100769,AP05JED,0.5798457412538056
140,113,[690.0 412.0 871.0 572.0],[756.3329 513.6115 823.2645 538.5775],0.3982226848602295,AP05JEQ,0.2691473773665506
141,113,[690.2143 413.3571 871.8571 574.0],[756.2177 515.0476 823.7633 540.6005],0,0,0
142,113,[690.4286 414.7143 872.7143 576.0],[756.1026 516.4837 824.262 542.6235],0,0,0
143,113,[690.6429 416.0714 873.5714 578.0],[755.9874 517.9199 824.7607 544.6464],0,0,0
144,113,[690.8571 417.4286 874.4286 580.0],[755.8723 519.356 825.2595 546.6694],0,0,0
145,113,[691.0714 418.7857 875.2857 582.0],[755.7571 520.7922 825.7582 548.6924],0,0,0
146,113,[691.2857 420.1429 876.1429 584.0],[755.642 522.2283 826.2569 550.7153],0,0,0
147,113,[691.5 421.5 877.0 586.0],[755.5268 523.6645 826.7557 552.7383],0,0,0
148,113,[691.7143 422.8571 877.8571 588.0],[755.4116 525.1006 827.2544 554.7613],0,0,0
149,113,[691.9286 424.2143 878.7143 590.0],[755.2965 526.5367 827.7531 556.7843],0,0,0
150,113,[692.1429 425.5714 879.5714 592.0],[755.1813 527.9729 828.2519 558.8072],0,0,0
151,113,[692.3571 426.9286 880.4286 594.0],[755.0662 529.409 828.7506 560.8302],0,0,0
152,113,[692.5714 428.2857 881.2857 596.0],[754.951 530.8452 829.2494 562.8532],0,0,0
153,113,[692.7857 429.6429 882.1429 598.0],[754.8359 532.2813 829.7481 564.8761],0,0,0
154,113,[693.0 431.0 883.0 600.0],[754.7207 533.7175 830.2468 566.8991],0.4124404489994049,AP05JEQ,0.1920526930439726
155,113,[694.0 433.0 886.0 602.0],[754.4963 535.1792 820.4368 565.2991],0.43614938855171204,IP05JED,0.3793467099111012
156,113,[692.5 434.0 886.0 603.5],[759.628 537.8814 828.2628 566.329],0,0,0
157,113,[691.0 435.0 886.0 605.0],[764.7596 540.5836 836.0888 567.3589],0.35635825991630554,IP05JED,0.14368115398804462
417,436,[772.0 312.0 1002.0 635.0],[861.0162 551.0298 921.2382 581.5861],0.6114801168441772,EL55USJ,0.2405929877233051
443,464,[771.0 342.0 1017.0 692.0],[864.4028 607.2014 930.7605 638.2761],0.6662470102310181,HG65USJ,0.19084504387462353
484,437,[283.0 503.0 477.0 652.0],[344.9129 606.9066 408.5285 635.9105],0.27969589829444885,NI51RDJ,0.05449817073876364
643,675,[749.0 446.0 941.0 616.0],[816.8254 560.1936 878.8135 585.9382],0.3345155715942383,DF55JEK,0.06965025730302786
644,675,[747.8 447.6 944.0 618.0],[816.7539 561.5018 878.246 588.4323],0,0,0
645,675,[746.6 449.2 947.0 620.0],[816.6823 562.8101 877.6784 590.9263],0,0,0
646,675,[745.4 450.8 950.0 622.0],[816.6107 564.1183 877.1109 593.4203],0,0,0
647,675,[744.2 452.4 953.0 624.0],[816.5392 565.4265 876.5434 595.9143],0,0,0
648,675,[743.0 454.0 956.0 626.0],[816.4676 566.7347 875.9759 598.4083],0.3541424572467804,AF65JKY,0.5181375232409439
649,675,[742.5 455.0 956.0 627.0],[816.9284 568.975 878.0604 598.9035],0,0,0
650,675,[742.0 456.0 956.0 628.0],[817.3892 571.2153 880.1449 599.3987],0.39266929030418396,JT65JKV,0.048218394367162576
700,593,[758.0 366.0 908.0 505.0],[809.7019 452.2241 859.1686 478.254],0.5283981561660767,TG30BER,0.11091569110861842
701,593,[758.1818 366.8182 908.5455 506.1818],[810.065 453.2559 859.6938 479.4602],0,0,0
702,593,[758.3636 367.6364 909.0909 507.3636],[810.428 454.2877 860.2191 480.6664],0,0,0
703,593,[758.5455 368.4545 909.6364 508.5455],[810.791 455.3196 860.7444 481.8726],0,0,0
704,593,[758.7273 369.2727 910.1818 509.7273],[811.1541 456.3514 861.2696 483.0789],0,0,0
705,593,[758.9091 370.0909 910.7273 510.9091],[811.5171 457.3833 861.7949 484.2851],0,0,0
706,593,[759.0909 370.9091 911.2727 512.0909],[811.8802 458.4151 862.3201 485.4913],0,0,0
707,593,[759.2727 371.7273 911.8182 513.2727],[812.2432 459.447 862.8454 486.6976],0,0,0
708,593,[759.4545 372.5455 912.3636 514.4545],[812.6063 460.4788 863.3706 487.9038],0,0,0
709,593,[759.6364 373.3636 912.9091 515.6364],[812.9693 461.5107 863.8959 489.11],0,0,0
710,593,[759.8182 374.1818 913.4545 516.8182],[813.3324 462.5425 864.4212 490.3162],0,0,0
711,593,[760.0 375.0 914.0 518.0],[813.6954 463.5743 864.9464 491.5225],0.5625227093696594,IJ06EPD,0.23452963365866708
712,593,[760.2391 375.9783 914.587 519.413],[814.0099 464.8402 865.4238 492.8182],0,0,0
713,593,[760.4783 376.9565 915.1739 520.8261],[814.3244 466.106 865.9011 494.114],0,0,0
714,593,[760.7174 377.9348 915.7609 522.2391],[814.6388 467.3719 866.3785 495.4098],0,0,0
715,593,[760.9565 378.913 916.3478 523.6522],[814.9533 468.6378 866.8559 496.7056],0,0,0
716,593,[761.1957 379.8913 916.9348 525.0652],[815.2678 469.9036 867.3332 498.0014],0,0,0
717,593,[761.4348 380.8696 917.5217 526.4783],[815.5822 471.1695 867.8106 499.2972],0,0,0
718,593,[761.6739 381.8478 918.1087 527.8913],[815.8967 472.4353 868.2879 500.593],0,0,0
719,593,[761.913 382.8261 918.6957 529.3043],[816.2112 473.7012 868.7653 501.8888],0,0,0
720,593,[762.1522 383.8043 919.2826 530.7174],[816.5257 474.967 869.2427 503.1845],0,0,0
721,593,[762.3913 384.7826 919.8696 532.1304],[816.8401 476.2329 869.72 504.4803],0,0,0
722,593,[762.6304 385.7609 920.4565 533.5435],[817.1546 477.4987 870.1974 505.7761],0,0,0
723,593,[762.8696 386.7391 921.0435 534.9565],[817.4691 478.7646 870.6747 507.0719],0,0,0
724,593,[763.1087 387.7174 921.6304 536.3696],[817.7835 480.0304 871.1521 508.3677],0,0,0
725,593,[763.3478 388.6957 922.2174 537.7826],[818.098 481.2963 871.6295 509.6635],0,0,0
726,593,[763.587 389.6739 922.8043 539.1957],[818.4125 482.5621 872.1068 510.9593],0,0,0
727,593,[763.8261 390.6522 923.3913 540.6087],[818.7269 483.828 872.5842 512.2551],0,0,0
728,593,[764.0652 391.6304 923.9783 542.0217],[819.0414 485.0938 873.0616 513.5508],0,0,0
729,593,[764.3043 392.6087 924.5652 543.4348],[819.3559 486.3597 873.5389 514.8466],0,0,0
730,593,[764.5435 393.587 925.1522 544.8478],[819.6703 487.6256 874.0163 516.1424],0,0,0
731,593,[764.7826 394.5652 925.7391 546.2609],[819.9848 488.8914 874.4936 517.4382],0,0,0
732,593,[765.0217 395.5435 926.3261 547.6739],[820.2993 490.1573 874.971 518.734],0,0,0
733,593,[765.2609 396.5217 926.913 549.087],[820.6138 491.4231 875.4484 520.0298],0,0,0
734,593,[765.5 397.5 927.5 550.5],[820.9282 492.689 875.9257 521.3256],0,0,0
735,593,[765.7391 398.4783 928.087 551.913],[821.2427 493.9548 876.4031 522.6213],0,0,0
736,593,[765.9783 399.4565 928.6739 553.3261],[821.5572 495.2207 876.8804 523.9171],0,0,0
737,593,[766.2174 400.4348 929.2609 554.7391],[821.8716 496.4865 877.3578 525.2129],0,0,0
738,593,[766.4565 401.413 929.8478 556.1522],[822.1861 497.7524 877.8352 526.5087],0,0,0
739,593,[766.6957 402.3913 930.4348 557.5652],[822.5006 499.0182 878.3125 527.8045],0,0,0
740,593,[766.9348 403.3696 931.0217 558.9783],[822.815 500.2841 878.7899 529.1003],0,0,0
741,593,[767.1739 404.3478 931.6087 560.3913],[823.1295 501.5499 879.2672 530.3961],0,0,0
742,593,[767.413 405.3261 932.1957 561.8043],[823.444 502.8158 879.7446 531.6919],0,0,0
743,593,[767.6522 406.3043 932.7826 563.2174],[823.7584 504.0816 880.222 532.9876],0,0,0
744,593,[767.8913 407.2826 933.3696 564.6304],[824.0729 505.3475 880.6993 534.2834],0,0,0
745,593,[768.1304 408.2609 933.9565 566.0435],[824.3874 506.6134 881.1767 535.5792],0,0,0
746,593,[768.3696 409.2391 934.5435 567.4565],[824.7019 507.8792 881.6541 536.875],0,0,0
747,593,[768.6087 410.2174 935.1304 568.8696],[825.0163 509.1451 882.1314 538.1708],0,0,0
748,593,[768.8478 411.1957 935.7174 570.2826],[825.3308 510.4109 882.6088 539.4666],0,0,0
749,593,[769.087 412.1739 936.3043 571.6957],[825.6453 511.6768 883.0861 540.7624],0,0,0
750,593,[769.3261 413.1522 936.8913 573.1087],[825.9597 512.9426 883.5635 542.0582],0,0,0
751,593,[769.5652 414.1304 937.4783 574.5217],[826.2742 514.2085 884.0409 543.3539],0,0,0
752,593,[769.8043 415.1087 938.0652 575.9348],[826.5887 515.4743 884.5182 544.6497],0,0,0
753,593,[770.0435 416.087 938.6522 577.3478],[826.9031 516.7402 884.9956 545.9455],0,0,0
754,593,[770.2826 417.0652 939.2391 578.7609],[827.2176 518.006 885.4729 547.2413],0,0,0
755,593,[770.5217 418.0435 939.8261 580.1739],[827.5321 519.2719 885.9503 548.5371],0,0,0
756,593,[770.7609 419.0217 940.413 581.587],[827.8465 520.5377 886.4277 549.8329],0,0,0
757,593,[771.0 420.0 941.0 583.0],[828.161 521.8036 886.905 551.1287],0.558976948261261,GJ06EPO,0.07248006406046148
758,593,[771.0 421.2667 941.5333 584.4],[828.5671 523.3139 887.206 552.6621],0,0,0
759,593,[771.0 422.5333 942.0667 585.8],[828.9732 524.8241 887.5069 554.1955],0,0,0
760,593,[771.0 423.8 942.6 587.2],[829.3792 526.3344 887.8079 555.729],0,0,0
761,593,[771.0 425.0667 943.1333 588.6],[829.7853 527.8446 888.1088 557.2624],0,0,0
762,593,[771.0 426.3333 943.6667 590.0],[830.1914 529.3549 888.4098 558.7958],0,0,0
763,593,[771.0 427.6 944.2 591.4],[830.5974 530.8652 888.7107 560.3292],0,0,0
764,593,[771.0 428.8667 944.7333 592.8],[831.0035 532.3754 889.0117 561.8627],0,0,0
765,593,[771.0 430.1333 945.2667 594.2],[831.4096 533.8857 889.3126 563.3961],0,0,0
766,593,[771.0 431.4 945.8 595.6],[831.8156 535.3959 889.6136 564.9295],0,0,0
767,593,[771.0 432.6667 946.3333 597.0],[832.2217 536.9062 889.9146 566.463],0,0,0
768,593,[771.0 433.9333 946.8667 598.4],[832.6278 538.4165 890.2155 567.9964],0,0,0
769,593,[771.0 435.2 947.4 599.8],[833.0339 539.9267 890.5165 569.5298],0,0,0
770,593,[771.0 436.4667 947.9333 601.2],[833.4399 541.437 890.8174 571.0633],0,0,0
771,593,[771.0 437.7333 948.4667 602.6],[833.846 542.9473 891.1184 572.5967],0,0,0
772,593,[771.0 439.0 949.0 604.0],[834.2521 544.4575 891.4193 574.1301],0.6516294479370117,IJ06EPO,0.04232774474343736
773,593,[771.1 440.5 949.4 606.1],[834.5543 546.1144 891.705 575.7226],0,0,0
774,593,[771.2 442.0 949.8 608.2],[834.8566 547.7712 891.9907 577.3151],0,0,0
775,593,[771.3 443.5 950.2 610.3],[835.1588 549.4281 892.2764 578.9076],0,0,0
776,593,[771.4 445.0 950.6 612.4],[835.4611 551.0849 892.5621 580.5001],0,0,0
777,593,[771.5 446.5 951.0 614.5],[835.7633 552.7418 892.8478 582.0926],0,0,0
778,593,[771.6 448.0 951.4 616.6],[836.0656 554.3986 893.1335 583.6851],0,0,0
779,593,[771.7 449.5 951.8 618.7],[836.3678 556.0555 893.4193 585.2776],0,0,0
780,593,[771.8 451.0 952.2 620.8],[836.67 557.7124 893.705 586.8701],0,0,0
781,593,[771.9 452.5 952.6 622.9],[836.9723 559.3692 893.9907 588.4626],0,0,0
782,593,[772.0 454.0 953.0 625.0],[837.2745 561.0261 894.2764 590.0551],0.6388111114501953,GJ06EFD,0.06638555529781673
